<?xml version="1.0" encoding="UTF-8" standalone="yes"?>
<addon id="repository.Mongolia" name="[COLOR lime]Repositorio Mongolia[/COLOR] Repo" version="1.0.1" provider-name="Momia">
    <extension point="xbmc.addon.repository" name="Repositorio Mongolia">
        <info>https://raw.githubusercontent.com/Lagranmomia/prueva1/master/repor/Repositorio/addons.xml</info>
        <checksum>https://raw.githubusercontent.com/Lagranmomia/prueva1/master/repor/Repositorio/addons.xml.md5</checksum>
        <datadir zip="true">https://raw.githubusercontent.com/Lagranmomia/prueva1/master/Repositorio/</datadir>
    </extension>
    <extension point="xbmc.addon.metadata">
        <summary>Repositorio de Mongolia</summary>
        <description></description>
        <disclaimer></disclaimer>
        <platform>all</platform>
    </extension>
</addon>
